{
	"best": {
	    "_best_epoch": "9.5",
	    "_output_dir_origin": "snap/simmc2/coreference_lxr533-segment_ids-2_2_36_detectron_all_gt_boxes_user_utterance_image_named_entities_dialogue_history_object_index_previous_objects/run0",
	    "_seed": 122,
	    "_total_epochs": 10,
	    "train_score": 0.8596018249688926,
	    "train_mean_loss": 0.04479758935707543,
	    "train_naive_object_similarity": 0.8864474391616765,
	    "train_object_recall": 0.8596018249688926,
	    "train_object_precision": 0.8596018249688926,
	    "train_object_f1": 0.8596018249688926,
	    "dev_score": 0.5300261096605744,
	    "dev_mean_loss": 0.14613749406239085,
	    "dev_naive_object_similarity": 0.884024243964315,
	    "dev_object_recall": 0.5300261096605744,
	    "dev_object_precision": 0.5300261096605744,
	    "dev_object_f1": 0.5300261096605744,
	    "devtest_score": 0.5417040358744395,
	    "devtest_mean_loss": 0.23512296849551648,
	    "devtest_naive_object_similarity": 0.8076984065957422,
	    "devtest_object_recall": 0.5417040358744395,
	    "devtest_object_precision": 0.5417040358744395,
	    "devtest_object_f1": 0.5417040358744395,
		"model": {
		    "load": null,
		    "output": "snap/simmc2/coreference_lxr533-segment_ids-2_2_36_detectron_all_gt_boxes_user_utterance_image_named_entities_dialogue_history_object_index_previous_objects/run0",
		    "batch_size": 2,
		    "epochs": 10,
		    "num_runs": 1,
		    "lr": 5e-05,
		    "dropout": 0.1,
		    "simmc2_input_features": [
		        "user_utterance",
		        "image",
		        "named_entities",
		        "dialogue_history",
		        "object_index",
		        "previous_objects"
		    ],
		    "image_features": "36_detectron_all_gt_boxes",
		    "llayers": 5,
		    "xlayers": 3,
		    "rlayers": 3
		}
	},
	"runs": [
		{
		    "_best_epoch": "9.5",
		    "_output_dir_origin": "snap/simmc2/coreference_lxr533-segment_ids-2_2_36_detectron_all_gt_boxes_user_utterance_image_named_entities_dialogue_history_object_index_previous_objects/run0",
		    "_seed": 122,
		    "_total_epochs": 10,
		    "train_score": 0.8596018249688926,
		    "train_mean_loss": 0.04479758935707543,
		    "train_naive_object_similarity": 0.8864474391616765,
		    "train_object_recall": 0.8596018249688926,
		    "train_object_precision": 0.8596018249688926,
		    "train_object_f1": 0.8596018249688926,
		    "dev_score": 0.5300261096605744,
		    "dev_mean_loss": 0.14613749406239085,
		    "dev_naive_object_similarity": 0.884024243964315,
		    "dev_object_recall": 0.5300261096605744,
		    "dev_object_precision": 0.5300261096605744,
		    "dev_object_f1": 0.5300261096605744,
		    "devtest_score": 0.5417040358744395,
		    "devtest_mean_loss": 0.23512296849551648,
		    "devtest_naive_object_similarity": 0.8076984065957422,
		    "devtest_object_recall": 0.5417040358744395,
		    "devtest_object_precision": 0.5417040358744395,
		    "devtest_object_f1": 0.5417040358744395
		},
		{
		    "_best_epoch": "8.0",
		    "_output_dir_origin": "snap/simmc2/coreference_lxr533-option7_2_36_detectron_all_gt_boxes_user_utterance_image_named_entities_dialogue_history_object_index_previous_objects/run0",
		    "_seed": 122,
		    "_total_epochs": 10,
		    "train_score": 0.8020530900041477,
		    "train_mean_loss": 0.06554052697153058,
		    "train_naive_object_similarity": 0.8799135734075858,
		    "train_object_recall": 0.8020530900041477,
		    "train_object_precision": 0.8020530900041477,
		    "train_object_f1": 0.8020530900041477,
		    "dev_score": 0.48172323759791125,
		    "dev_mean_loss": 0.14402443546207266,
		    "dev_naive_object_similarity": 0.8862989289477041,
		    "dev_object_recall": 0.48172323759791125,
		    "dev_object_precision": 0.48172323759791125,
		    "dev_object_f1": 0.48172323759791125,
		    "devtest_score": 0.5125560538116591,
		    "devtest_mean_loss": 0.19976378394595679,
		    "devtest_naive_object_similarity": 0.8099185600878364,
		    "devtest_object_recall": 0.5125560538116591,
		    "devtest_object_precision": 0.5125560538116591,
		    "devtest_object_f1": 0.5125560538116591
		},
		{
			"_best_epoch": "5.0",
			"_output_dir_origin": "snap/simmc2/coreference_lxr533-segment_ids-previous_objects_as_tokens_2_36_detectron_all_gt_boxes_user_utterance_image_named_entities_dialogue_history_object_index_previous_objects/run0",
			"_seed": 122,
			"_total_epochs": 5,
			"train_score": 0.6426793861468271,
			"train_mean_loss": 0.12024733455900345,
			"train_naive_object_similarity": 0.821423185401093,
			"train_object_recall": 0.6426793861468271,
			"train_object_precision": 0.6426793861468271,
			"train_object_f1": 0.6426793861468271,
			"dev_score": 0.44386422976501305,
			"dev_mean_loss": 0.1285386669471393,
			"dev_naive_object_similarity": 0.8207300700531667,
			"dev_object_recall": 0.44386422976501305,
			"dev_object_precision": 0.44386422976501305,
			"dev_object_f1": 0.44386422976501305,
			"devtest_score": 0.4757847533632287,
			"devtest_mean_loss": 0.1715943388682644,
			"devtest_naive_object_similarity": 0.7555783179642169,
			"devtest_object_recall": 0.4757847533632287,
			"devtest_object_precision": 0.4757847533632287,
			"devtest_object_f1": 0.4757847533632287
		}
	]
}
